Date,Actual_Close,Predicted_LR,Predicted_RF
2018-04-16,1482.1884765625,1475.2641907581506,1463.2566085205078
2018-04-17,1472.40087890625,1469.3813747289055,1460.4810966695152
2018-04-18,1468.91357421875,1472.4000989386807,1458.7165181070966
2018-04-19,1483.8157958984375,1483.4139797900373,1459.9413504231773
2018-04-20,1582.0657958984375,1563.9102198788344,1462.0745070393884
2018-04-23,1584.9488525390625,1621.9676630155693,1460.9739715576172
2018-04-24,1574.2542724609375,1572.0715892693208,1459.9859734090167
2018-04-25,1613.591552734375,1598.9259291987378,1462.465625
2018-04-26,1645.6749267578125,1640.562346900355,1463.0847521972655
2018-04-27,1605.082275390625,1608.870061572734,1460.336688741048
2018-04-30,1642.350341796875,1630.5347992782781,1462.716242828369
2018-05-02,1627.3082275390625,1619.6270908914596,1458.8102756856283
2018-05-03,1618.9852294921875,1620.9394873386425,1458.6813251342774
2018-05-04,1618.4737548828125,1614.4735869446142,1459.3178666788738
2018-05-07,1590.6678466796875,1594.1264078411446,1459.108859975179
2018-05-08,1600.083740234375,1600.1746355703945,1458.2574670511883
2018-05-09,1622.449462890625,1616.1684709536548,1457.1858557230632
2018-05-10,1604.7568359375,1609.1758039746396,1456.9615678507485
2018-05-11,1607.4073486328125,1610.9975458351614,1458.2229191182455
2018-05-14,1596.5267333984375,1595.995272808867,1457.6398367919921
2018-05-15,1619.2412109375,1613.2345283595648,1456.7658574015302
2018-05-16,1624.588134765625,1624.8872511307577,1455.31603125
2018-05-17,1623.611572265625,1626.3726104296682,1456.6228717651366
2018-05-18,1628.3775634765625,1622.9670474602592,1456.4309810994466
2018-05-21,1653.8121337890625,1656.6777285544981,1458.5234189453124
2018-05-22,1631.5628662109375,1637.7944133432968,1456.6423743286132
2018-05-23,1625.1463623046875,1629.384138107157,1455.267673095703
2018-05-24,1675.6429443359375,1664.1612942051408,1459.0875317382813
2018-05-25,1667.3197021484375,1682.8856005848832,1457.4782731730143
2018-05-28,1628.3775634765625,1637.1095260656223,1458.9158591308594
2018-05-29,1638.351806640625,1629.9212132027046,1458.3205944925946
2018-05-30,1633.9808349609375,1629.5762980859797,1457.6703184611004
2018-05-31,1632.57421875,1636.3007064088306,1458.598860127767
2018-06-01,1624.510009765625,1620.3111873910152,1457.3380544637046
2018-06-04,1635.57470703125,1616.467714989907,1456.2175723876953
2018-06-05,1614.3360595703125,1618.2723387765984,1455.8891242065429
2018-06-06,1618.2274169921875,1617.1722325964367,1455.7326240641278
2018-06-07,1627.4168701171875,1631.8405517008641,1456.6118709920247
2018-06-08,1638.2474365234375,1640.867933846071,1456.6411611531576
2018-06-11,1640.68505859375,1644.8895497153721,1456.0337323099773
2018-06-12,1670.03515625,1662.7229027579044,1458.7102839152021
2018-06-13,1710.44970703125,1698.9153207647944,1461.1823557535809
2018-06-14,1676.1768798828125,1685.7857462547329,1457.8211847941084
2018-06-15,1725.4061279296875,1711.1784610968714,1461.6827571614588
2018-06-18,1715.0443115234375,1718.0148334616815,1459.6789868164062
2018-06-19,1710.8248291015625,1716.6600863869926,1458.3420791117353
2018-06-20,1708.9024658203125,1708.6163593689325,1457.2173101908368
2018-06-21,1705.995849609375,1704.8652844115425,1456.9561881612142
2018-06-22,1697.040771484375,1692.6374714551953,1457.0645587259926
2018-06-25,1705.90185546875,1699.551899181488,1457.2258485514324
2018-06-26,1736.6114501953125,1732.0934274234191,1458.7373676554364
2018-06-27,1742.23779296875,1752.7745451529656,1458.2944426066083
2018-06-28,1727.890869140625,1725.8364724381283,1458.3279185587564
2018-06-29,1732.6260986328125,1741.26511962803,1458.5306260274251
2018-07-02,1736.0020751953125,1731.0980406171145,1458.2772921854657
2018-07-03,1757.287841796875,1753.193512754362,1457.0824054056804
2018-07-04,1749.8798828125,1745.4143155723687,1456.6574707132977
2018-07-05,1763.148193359375,1756.8776436402077,1456.7571136067709
2018-07-06,1793.7640380859375,1789.1931415604395,1458.699556477865
2018-07-09,1765.679931640625,1770.9499791097614,1459.4890683593749
2018-07-10,1758.272216796875,1759.474021466011,1458.739196024577
2018-07-11,1856.542724609375,1842.6999358388357,1461.4491337076824
2018-07-12,1848.5255126953125,1846.439148587813,1459.2916600545252
2018-07-13,1857.6680908203125,1863.472219521821,1459.2735258992516
2018-07-16,1865.2633056640625,1858.258433047098,1459.4950541178387
2018-07-17,1881.189208984375,1874.1554235647393,1458.5573405456544
2018-07-18,1879.404052734375,1876.851496480985,1456.8551734415691
2018-07-19,1861.693115234375,1862.4532241685229,1455.818400126139
2018-07-20,1875.974609375,1870.9260142375365,1456.3843845214842
2018-07-23,1884.4779052734373,1873.010262063023,1456.9657370605469
2018-07-24,1878.229736328125,1869.7836688012192,1455.8364320475262
2018-07-25,1861.7867431640625,1856.5108685983087,1455.3234610595703
2018-07-26,1846.001708984375,1847.4017556640758,1456.2304212036133
2018-07-27,1826.3173828125,1829.4712893294632,1456.8850810343422
2018-07-30,1827.1162109375,1824.09448580432,1456.4549122721355
2018-07-31,1822.9818115234373,1817.2505571111778,1455.4178735961914
2018-08-01,1857.088623046875,1851.937620974509,1457.8566926066082
2018-08-02,1830.6866455078125,1839.7790805919403,1455.5295323282876
2018-08-03,1859.8607177734373,1854.5369771009741,1456.4691348876952
2018-08-06,1856.1962890625,1859.3139516690874,1456.3590476074219
2018-08-07,1848.4918212890625,1846.21470190143,1455.1758435668944
2018-08-08,1854.7398681640625,1848.8519300397168,1454.798396057129
2018-08-09,1855.0687255859373,1849.5983145844389,1455.4140424194336
2018-08-10,1872.68603515625,1864.2403706004777,1457.2239612935384
2018-08-13,1879.3099365234373,1873.7926402576122,1458.2347462565106
2018-08-14,1882.5048828125,1886.3754532362493,1458.0352124125163
2018-08-16,1887.1553955078125,1887.5656188786954,1456.3549727986654
2018-08-17,1891.1488037109373,1888.6672387589297,1455.7578145955404
2018-08-20,1888.5179443359373,1885.4259531004227,1456.4294919433594
2018-08-21,1895.7528076171875,1891.6395331238175,1455.2938324584961
2018-08-23,1912.1485595703125,1906.4087976070314,1456.866113647461
2018-08-24,1919.5711669921875,1914.2460088723765,1456.040633199056
2018-08-27,1926.993896484375,1922.7456428815171,1456.4065921630859
2018-08-28,1944.1884765625,1937.6368009388298,1455.697490600586
2018-08-29,1946.819091796875,1930.402375598695,1455.1583668619794
2018-08-30,1956.591064453125,1950.5114729992429,1456.1745178833007
2018-08-31,1952.832275390625,1954.612308885471,1456.68475978597
2018-09-03,1928.873046875,1935.790008565808,1456.4359921875
2018-09-04,1972.093994140625,1961.8754294146793,1458.31880859375
2018-09-05,1953.631103515625,1958.9956384756078,1456.5276447143553
2018-09-06,1949.9200439453125,1942.3362054606887,1455.3013989868164
2018-09-07,1954.195068359375,1945.3692931918495,1455.8870779012045
2018-09-10,1955.0406494140625,1955.2961025834434,1456.4294919433594
2018-09-11,1922.6251220703125,1930.1390309324415,1456.1498682250976
2018-09-12,1920.4639892578125,1928.99333616976,1457.4568901163739
2018-09-14,1940.617919921875,1922.109551408044,1457.3998406575522
2018-09-17,1948.8388671875,1938.4154507141334,1458.1694075113933
2018-09-18,1945.6448974609373,1940.1585068860645,1454.9702063598631
2018-09-19,1952.362548828125,1953.4383970323347,1454.798396057129
2018-09-21,1976.087646484375,1964.3596984453452,1457.305411743164
2018-09-24,2065.629638671875,2041.8695670501502,1462.2117034403484
2018-09-25,2051.30078125,2041.3905150086803,1457.6554813130695
2018-09-26,2012.730712890625,2027.0761742167838,1455.9366689046221
2018-09-27,2056.609130859375,2053.329772511213,1459.2383455403644
2018-09-28,2051.770751953125,2039.8116313393007,1458.2231281026209
2018-10-01,2119.2802734375,2113.5275374056514,1461.2684849039715
2018-10-03,2032.180908203125,2053.6013250614137,1457.3400729370117
2018-10-04,1940.0545654296875,1959.701080089379,1458.7631600952147
2018-10-05,1975.6171875,1955.749393341871,1461.2588573710125
2018-10-08,1952.0340576171875,1951.8889014425913,1458.62130086263
2018-10-09,1965.4228515625,1954.1934896713738,1456.4563726806641
2018-10-10,1920.1348876953125,1929.8454262603036,1453.8361296590167
2018-10-11,1860.3304443359373,1859.8828668008107,1455.1077603149415
2018-10-12,1802.405029296875,1811.0566625469157,1457.2152331542968
2018-10-15,1831.7200927734373,1819.9338049597425,1458.893826751709
2018-10-16,1843.746826171875,1834.8229793809423,1455.5555918884277
2018-10-17,1812.8343505859373,1832.4409256312651,1454.8879083760578
2018-10-19,1797.6134033203125,1777.261254830913,1455.2437001037597
2018-10-22,1788.0294189453125,1784.1028522120012,1455.5813988850912
2018-10-23,1735.914306640625,1754.0447611053794,1453.0555986531574
2018-10-24,1740.48046875,1734.2718110508804,1454.330135345459
2018-10-25,1744.7177734375,1748.4760975443025,1454.7998496500652
2018-10-26,1693.96728515625,1706.5340305202037,1454.0710794067384
2018-10-29,1761.6656494140625,1738.2225881602847,1457.570312652588
2018-10-30,1784.0748291015625,1775.2023814383,1454.556999206543
2018-10-31,1824.8916015625,1805.3359928090367,1455.7888566589356
2018-11-01,1822.6318359375,1803.6627021346203,1454.7713689676923
2018-11-02,1801.635009765625,1815.983287733474,1454.2750189208984
2018-11-05,1780.3558349609375,1793.1323680443254,1454.5613326009113
2018-11-06,1819.760009765625,1810.1784239306082,1454.5482567342121
2018-11-07,1828.6578369140625,1827.9558080867953,1452.8158028767905
2018-11-09,1797.6331787109375,1807.9453038852644,1454.0139210103353
2018-11-12,1802.9532470703125,1820.67367256279,1455.2021037902834
2018-11-13,1821.8787841796875,1810.8123497834438,1453.6663980712892
2018-11-14,1770.7518310546875,1779.834301213869,1452.758412282308
2018-11-15,1763.407470703125,1774.6707159898658,1453.327090922038
2018-11-16,1776.35400390625,1772.203309429929,1453.780246846517
2018-11-19,1791.278076171875,1770.8531722151108,1454.5449068806965
2018-11-20,1768.491943359375,1772.096336959472,1452.7820815633138
2018-11-21,1706.1134033203125,1715.562242724437,1453.49756459554
2018-11-22,1706.631103515625,1725.6336938307213,1456.4409432474774
2018-11-26,1738.2205810546875,1720.1977586365165,1458.3622918701171
2018-11-27,1779.790771484375,1764.7318993075132,1458.3125932312012
2018-11-28,1867.9681396484373,1845.799548698463,1459.2659814453125
2018-11-29,1845.9827880859373,1844.5014061011736,1457.2101736450195
2018-11-30,1853.2327880859373,1863.2565955753928,1458.058036600749
2018-12-03,1866.555908203125,1859.7834534990484,1457.6313919067384
2018-12-04,1893.343505859375,1882.937995699034,1455.9611690266925
2018-12-05,1889.4830322265625,1881.1021704609188,1455.0165600585938
2018-12-06,1876.254150390625,1879.775904823037,1453.6754250183105
2018-12-07,1878.60791015625,1872.086570643653,1455.8742910359701
2018-12-10,1860.341796875,1873.0996003730438,1456.1749100341797
2018-12-11,1883.1275634765625,1874.8425692977862,1456.9511656290692
2018-12-12,1898.945556640625,1885.841783430772,1456.1863774210613
2018-12-13,1866.7442626953125,1875.1310904608063,1456.4950792032876
2018-12-14,1873.4761962890625,1871.0190216452434,1458.2049019978842
2018-12-17,1877.7606201171875,1874.5990800880297,1456.8916420084636
2018-12-18,1871.687255859375,1870.7544277163365,1455.246287902832
2018-12-19,1853.4210205078125,1851.1423543751343,1453.670209259033
2018-12-20,1839.862548828125,1848.2088446197465,1453.1420557250976
2018-12-21,1785.0164794921875,1795.5463707361178,1453.868739522298
2018-12-24,1806.3900146484373,1815.08428965298,1456.8540530395508
2018-12-26,1778.8023681640625,1775.8441707988568,1453.8389159138997
2018-12-27,1797.39794921875,1795.6749524575625,1455.6360715738933
2018-12-28,1785.2520751953125,1791.6694743652974,1455.4060945739745
2018-12-31,1782.4271240234375,1782.3928379596173,1454.3548120727542
2019-01-01,1791.607177734375,1788.2580663837866,1453.207891805013
2019-01-02,1810.9095458984373,1811.0431840570068,1453.6582776997884
2019-01-03,1788.9239501953125,1808.3026663003493,1453.978769592285
2019-01-04,1767.173828125,1752.584504248056,1454.759129547119
2019-01-07,1786.9937744140625,1784.749709234851,1456.5746805419924
2019-01-08,1782.898193359375,1779.293705816978,1452.848345296224
2019-01-09,1776.68359375,1776.5408796932993,1453.5173188374838
2019-01-10,1778.190185546875,1777.388828555123,1454.2817955118817
2019-01-11,1734.8782958984375,1741.6376790351303,1454.9294200744628
2019-01-14,1707.2904052734375,1715.5029103404129,1457.2695647176106
2019-01-15,1758.65283203125,1744.5382344260302,1459.3048623657226
2019-01-16,1760.865478515625,1748.78910477511,1455.8363179626467
2019-01-17,1787.427001953125,1780.555857471186,1455.0203672892253
2019-01-18,1793.4189453125,1788.1578056582869,1454.0380808512373
2019-01-21,1801.0147705078125,1810.4851799227056,1455.1751198323566
2019-01-22,1794.5985107421875,1795.2946172696418,1454.1604141235352
2019-01-23,1769.7822265625,1775.8474166761964,1453.87371379598
2019-01-24,1794.268310546875,1784.733098094287,1453.8847868448895
2019-01-25,1812.43212890625,1815.3053524250518,1454.543254506429
2019-01-28,1844.70263671875,1837.0689096344774,1456.6758358764648
2019-01-29,1870.8868408203125,1852.471152236825,1455.5066000366212
2019-01-30,1869.61328125,1857.4416680070017,1454.494850769043
2019-01-31,1900.46826171875,1894.2220375825996,1458.9001936848963
2019-02-01,1915.42431640625,1904.4431304776426,1459.1419858296715
2019-02-04,1934.578857421875,1925.8944885593696,1457.8212211100263
2019-02-05,1929.20068359375,1920.5636103883676,1455.2702096557616
2019-02-06,1957.7437744140625,1951.0358801896564,1456.0564294433593
2019-02-07,1965.386474609375,1965.3878761110695,1455.5339749145508
2019-02-08,1945.0994873046875,1949.5848192631806,1455.453432067871
2019-02-11,1949.3458251953125,1958.3556133393636,1456.4909818115234
2019-02-12,1935.8524169921875,1917.2355833557922,1455.805540222168
2019-02-14,1929.2476806640625,1933.578731570698,1455.6731850789388
2019-02-15,1915.18798828125,1908.5122345134723,1455.4547095336914
2019-02-18,1859.139404296875,1875.1303796478749,1456.5074743652344
2019-02-19,1797.334716796875,1808.2796335485216,1457.2854768880206
2019-02-20,1806.723388671875,1797.324611857305,1457.2352816772461
2019-02-21,1806.2044677734373,1812.2746001468377,1457.5264496866864
2019-02-22,1817.0084228515625,1810.061137100657,1457.4699470011394
2019-02-25,1873.1514892578125,1863.0302296940583,1458.2297724914552
2019-02-26,1923.6802978515625,1908.6594124369203,1458.0150607299804
2019-02-27,1941.98583984375,1937.9849087234802,1457.716379699707
2019-02-28,1871.5474853515625,1898.1047141363729,1456.916015625
2019-03-01,1882.8233642578125,1878.0383045175288,1457.9563215128583
2019-03-05,1875.935302734375,1872.591117057333,1456.1433822631836
2019-03-06,1886.7862548828125,1889.5714966635676,1453.5561093750002
2019-03-07,1899.7135009765625,1899.0036893431557,1454.2300546366375
2019-03-08,1908.5831298828125,1903.741566933948,1453.8362265116375
2019-03-11,1901.12890625,1898.8025675742679,1454.9599695434572
2019-03-12,1898.911376953125,1898.6296068183306,1454.1291953125003
2019-03-13,1887.6357421875,1877.740324280756,1453.0875701497396
2019-03-14,1875.2747802734373,1876.0374029402756,1452.9431991170247
2019-03-15,1924.859619140625,1927.803667824714,1457.1825900777178
2019-03-18,1908.677490234375,1919.812385648131,1456.6521165059407
2019-03-19,1908.677490234375,1891.2347949987889,1453.882175506592
2019-03-20,1901.3646240234373,1905.2522451326286,1453.811267456055
2019-03-22,1892.4951171875,1880.3095857684377,1454.975890970866
2019-03-25,1872.3023681640625,1872.8847262254171,1455.39974315389
2019-03-26,1870.792724609375,1861.6051588309742,1453.7407045593263
2019-03-27,1856.8748779296875,1860.9979652183133,1453.437216603597
2019-03-28,1887.4468994140625,1886.1120953443108,1456.0143603007
2019-04-01,1917.0281982421875,1914.6586003966559,1457.1914583435062
2019-04-02,1961.98974609375,1955.1185020103662,1456.4735385131835
2019-04-03,1961.98974609375,1951.8513158894693,1456.1643138122558
2019-04-04,1900.845703125,1915.4012631964279,1454.8144638061524
2019-04-05,1932.7386474609373,1923.5903590931775,1458.6613003031414
2019-04-08,1953.9222412109373,1934.7502819832016,1455.474925842285
2019-04-09,1973.5015869140625,1962.4474855585172,1456.4480566507978
2019-04-10,1925.1429443359373,1934.6871955160377,1455.8165910949706
2019-04-11,1905.5634765625,1913.759345521495,1455.1053076782225
2019-04-12,1900.845703125,1900.8718578279618,1456.0379762369794
2019-04-15,1994.0716552734373,1965.2425986615676,1460.2967377726238
2019-04-16,2011.528076171875,2019.1954337865004,1459.5837516276044
2019-04-18,2028.748046875,2006.4420936313022,1459.6947735087078
2019-04-22,2039.5048828125,2042.3706171312924,1458.7998217773438
2019-04-23,2033.4659423828125,2021.723536281489,1456.4827728271484
2019-04-24,2060.263916015625,2057.5583168447183,1457.8925303649903
2019-04-25,2071.162109375,2065.4213215838595,1457.6052999471028
2019-04-26,2112.25537109375,2097.1353234483367,1459.730421498617
2019-04-30,2132.825439453125,2122.64831640338,1457.831232554118
2019-05-02,2090.4111328125,2099.0011606132557,1457.395137430827
2019-05-03,2011.7166748046875,2022.2866835889722,1456.6106043497723
2019-05-06,2036.1082763671875,2026.584027176093,1460.099177805583
2019-05-07,2030.541259765625,2037.8138327082015,1456.69522257487
2019-05-08,2031.3902587890625,2025.4002988784573,1455.717599894206
2019-05-09,2049.978759765625,2043.919968458592,1456.62708984375
2019-05-10,2015.30224609375,2031.1269681739827,1455.7776139933267
2019-05-13,2008.649658203125,2027.878749818215,1456.4185267740886
2019-05-14,1974.303466796875,1990.6068298718687,1455.7924140014647
2019-05-15,1977.1812744140625,1987.8747241181695,1453.8471889343264
2019-05-16,1989.7781982421875,1984.385011070432,1453.6471153361003
2019-05-17,1977.228759765625,1993.064804024837,1453.2202151082356
2019-05-20,2022.9921875,1975.5867930935833,1456.3365530904132
2019-05-21,1990.721435546875,1997.1599745254407,1452.9938799641927
2019-05-22,1964.3017578125,1976.0559841630366,1453.314813039144
2019-05-23,1938.1644287109373,1959.0943315299523,1454.0259667053222
2019-05-24,1932.4556884765625,1927.318452463659,1454.4959836832684
2019-05-27,1939.2021484375,1937.7199587600053,1455.1398614501952
2019-05-28,1956.7529296875,1958.8585749738827,1455.3339877319336
2019-05-29,1988.6461181640625,1990.0146349497018,1457.34291015625
2019-05-30,2025.2098388671875,2019.3000193496973,1457.5078574625652
2019-05-31,2072.625,2062.7176656425077,1459.716582743327
2019-06-03,2115.7939453125,2097.802576004993,1460.0813876342772
2019-06-04,2076.603515625,2081.092672548352,1458.8018944295245
2019-06-06,2060.4326171875,2057.3823708044765,1457.7605429077148
2019-06-07,2075.319580078125,2054.9902395591503,1458.572151234945
2019-06-10,2122.64208984375,2105.3351154537063,1458.4054892985027
2019-06-11,2142.9033203125,2138.0699932933576,1457.0243752543133
2019-06-12,2150.608154296875,2131.005133881939,1456.809490152995
2019-06-13,2144.14013671875,2150.7857718390555,1457.1756366475427
2019-06-14,2144.5205078125,2132.7174457321053,1456.984183858236
2019-06-17,2139.479248046875,2136.6779850142266,1456.9031514078777
2019-06-18,2141.048828125,2134.048925609934,1455.4649432983397
2019-06-19,2149.65673828125,2148.2422083363317,1455.31603125
2019-06-20,2166.82666015625,2147.246648409208,1456.2526840820312
2019-06-21,2140.09765625,2147.725467260186,1457.0724675089516
2019-06-24,2164.495849609375,2157.2135436566155,1458.9369703776042
2019-06-25,2157.171630859375,2147.613334683255,1455.4638977661132
2019-06-26,2144.23486328125,2143.477429109849,1455.1105011596678
2019-06-27,2142.66552734375,2139.853730076714,1456.3112201538086
2019-06-28,2118.55224609375,2124.1591729749284,1456.7873118693033
2019-07-01,2130.2998046875,2119.662500158822,1457.1777334696453
2019-07-02,2142.237548828125,2123.7639577588598,1455.6971595865887
2019-07-03,2128.4921875,2131.9114448448804,1454.598094543457
2019-07-04,2133.248779296875,2133.596662753691,1455.4126392211913
2019-07-05,2057.57958984375,2069.754728709692,1453.8811201985675
2019-07-08,2069.27880859375,2061.244622979185,1457.1949003601073
2019-07-09,2029.2808837890625,2022.735641914357,1454.549167989095
2019-07-10,2005.357177734375,2008.525913562883,1457.2899474080402
2019-07-11,1999.982666015625,1995.9929421247866,1457.002295633952
2019-07-12,2004.7867431640625,2005.6120436735841,1454.821462809245
2019-07-15,2041.0279541015625,2023.826790917903,1456.6886630757647
2019-07-16,2007.9437255859373,2015.2477921043105,1453.8827831624349
2019-07-17,2018.670166015625,2011.7404404534313,1452.9868747558596
2019-07-18,1969.758544921875,1981.3494637777476,1453.4619868062337
2019-07-19,1980.24609375,1983.9574987294577,1454.0643138224286
2019-07-22,2011.6619873046875,2003.1822280190363,1454.8929439900717
2019-07-23,2014.09326171875,2011.4877851643705,1454.0541459248861
2019-07-24,1999.1722412109373,1997.1848202499723,1455.3535770772298
2019-07-25,2028.823486328125,2017.322568814679,1455.0223440653485
2019-07-26,2010.851806640625,2007.1854997577602,1453.4923065795897
2019-07-29,2030.826416015625,2028.241537001028,1454.5464168904623
2019-07-30,2077.687744140625,2062.3780950753326,1455.6534958394366
2019-07-31,2103.001953125,2082.123506999033,1455.2527220153809
2019-08-01,2078.545654296875,2086.103216414007,1454.779642944336
2019-08-02,2102.619873046875,2091.3062661231033,1455.3513834635419
2019-08-05,2143.904541015625,2129.5702246650712,1457.5841493225098
2019-08-06,2111.773193359375,2125.7310841700055,1454.6869153340656
2019-08-07,2110.390625,2112.8993506792144,1453.6131789245608
2019-08-08,2152.961669921875,2151.4962361778366,1457.366685384115
2019-08-09,2141.663818359375,2144.6686840804464,1455.749706278483
2019-08-13,2097.042724609375,2105.507738482669,1454.621582092285
2019-08-14,2101.76220703125,2095.1884759393865,1455.0212384643555
2019-08-16,2064.2919921875,2069.9222773843508,1454.2780317281088
2019-08-19,2062.289794921875,2065.017905352599,1456.4022128295899
2019-08-20,2084.933837890625,2087.9590180706273,1453.7264577229816
2019-08-21,2084.409423828125,2091.6697502028255,1452.750355794271
2019-08-22,2112.822509765625,2108.124466334363,1453.607949330648
2019-08-23,2143.045654296875,2141.9208580320437,1455.4970945841474
2019-08-26,2170.314453125,2152.2941676981245,1458.5897263590496
2019-08-27,2132.367431640625,2139.7725056514196,1456.7280439758301
2019-08-28,2134.989501953125,2126.7573755865556,1456.4651710001629
2019-08-29,2129.45947265625,2135.462970979659,1455.292908996582
2019-08-30,2154.39208984375,2137.033915482217,1456.6924466552734
2019-09-03,2146.764404296875,2157.9461573841995,1456.150761271159
2019-09-04,2140.85302734375,2138.920298996542,1455.3864479166668
2019-09-05,2112.154296875,2121.22219269195,1455.3965562540689
2019-09-06,2095.18359375,2107.633769414548,1453.383035949707
2019-09-09,2081.2158203125,2083.927035655214,1453.922527730306
2019-09-11,2053.70849609375,2062.8334803805715,1453.5449263509113
2019-09-12,2034.258544921875,2037.7710808226557,1453.7576220703124
2019-09-13,2042.2193603515625,2038.2400723900496,1454.890518595378
2019-09-16,2049.895263671875,2045.565259926373,1455.172875366211
2019-09-17,2023.8184814453125,2023.269581193796,1454.0008935139974
2019-09-18,2038.9781494140625,2030.1460668035088,1453.8193704833986
2019-09-19,2004.082275390625,2007.8511206158196,1452.8691543172201
2019-09-20,1969.2816162109373,1992.6727917464814,1454.7051203511555
2019-09-23,1921.9434814453125,1920.1330821151932,1457.5877312215168
2019-09-24,1949.4979248046875,1952.1615752252615,1458.2991146850586
2019-09-25,1991.2105712890625,1983.4690919992217,1458.2640097045899
2019-09-26,1990.400634765625,1983.6490766999332,1456.786773783366
2019-09-27,1960.4146728515625,1966.561105225736,1455.3246034851074
2019-09-30,2001.5552978515625,1994.5815806584487,1456.4031259155274
2019-10-01,1964.0377197265625,1962.3416469197227,1453.6664617513022
2019-10-03,1964.32373046875,1964.67833116386,1454.8523245340984
2019-10-04,1982.534423828125,1979.1628227099263,1454.3947384745281
2019-10-07,1952.3580322265625,1966.7045460999934,1454.4315473531087
2019-10-09,1926.043212890625,1933.4541616003644,1453.0344272969564
2019-10-10,1911.121826171875,1919.638049824859,1454.2509687805175
2019-10-11,1894.341064453125,1886.35575061665,1455.3692449951172
2019-10-14,1926.9013671875,1910.8175940413525,1459.0355296325683
2019-10-15,1942.4423828125,1940.4114256838075,1455.6688771667482
2019-10-16,1951.11865234375,1941.4795521327824,1454.0867697753908
2019-10-17,1974.9921875,1965.5336009401626,1455.3601498514813
2019-10-18,2000.6650390625,1991.341937326487,1457.1695217386884
2019-10-22,1994.878662109375,2016.3125597451449,1455.442599182129
2019-10-23,2013.0635986328125,2013.097501928109,1456.1813552856445
2019-10-24,2024.6356201171875,2019.6645691505378,1454.5117925516765
2019-10-25,2066.40185546875,2047.3817702140436,1457.2128171793622
2019-10-29,2134.376708984375,2118.8700540512295,1460.230178527832
2019-10-30,2190.729736328125,2153.2844362764567,1462.120030517578
2019-10-31,2207.115478515625,2200.8701161083413,1459.912387491862
2019-11-01,2140.259521484375,2160.308612020115,1458.904983215332
2019-11-04,2133.50146484375,2139.99674397261,1459.6628358459473
2019-11-05,2141.183349609375,2123.573434701508,1456.6458257548015
2019-11-06,2128.201171875,2128.345005194249,1456.1530920410157
2019-11-07,2125.137939453125,2119.013215916481,1455.88484547933
2019-11-08,2071.26416015625,2082.4510913948893,1456.0481289672853
2019-11-11,2043.063720703125,2047.3150257750867,1458.135827178955
2019-11-13,2118.57421875,2104.6885253876844,1459.6247742716473
2019-11-14,2136.27294921875,2107.859669576078,1458.7938272603358
2019-11-15,2114.538330078125,2126.9148684062693,1456.6282674662275
2019-11-18,2093.290771484375,2103.7962408516173,1456.7199572753907
2019-11-19,2050.697509765625,2062.174040274802,1455.7241519165038
2019-11-20,2050.454345703125,2052.836829509023,1454.6785166931152
2019-11-21,2059.7412109375,2059.160166418353,1454.1709525553388
2019-11-22,2014.6192626953125,2022.2395860156166,1454.5383306884767
2019-11-25,2024.1494140625,2009.4255416474375,1456.9890281677247
2019-11-26,1990.259765625,2000.8819642285657,1454.6769304402667
2019-11-27,1997.698974609375,2004.9940930096918,1455.8860758056644
2019-11-28,2020.11376953125,2023.804615994547,1455.1335868937176
2019-11-29,1996.6778564453125,2000.7749708282395,1453.8958830871582
2019-12-02,1965.3651123046875,1978.8664290747051,1455.3577936909994
2019-12-03,1994.48974609375,1984.4121701613421,1457.3895424499515
2019-12-04,2021.2318115234373,2011.7535955008489,1456.4257565917972
2019-12-05,2062.852783203125,2046.7519438660665,1457.2643210856122
2019-12-06,2065.089111328125,2051.631977884664,1455.6761567179365
2019-12-09,2003.67919921875,2018.5740863165934,1453.9484410603839
2019-12-10,1957.390869140625,1964.823378128971,1454.397709859212
2019-12-11,1985.6405029296875,1971.0793163773105,1457.4704013061523
2019-12-12,1965.21923828125,1971.626144649802,1456.8675979614259
2019-12-13,2014.181884765625,1994.6331013207919,1459.9209376017254
2019-12-16,2068.152587890625,2053.8280162017613,1460.7567715454102
2019-12-17,2105.300048828125,2092.342910582776,1459.5271322631836
2019-12-18,2108.022705078125,2118.6953458779044,1457.4689395141602
2019-12-19,2167.634033203125,2149.940996689207,1460.4591517130536
2019-12-20,2161.653076171875,2167.3255897164017,1459.8594446818036
2019-12-23,2170.210693359375,2168.675715269095,1459.8821917724608
2019-12-24,2154.5546875,2157.1450255314267,1455.7995776367188
2019-12-26,2141.28076171875,2145.780588425415,1455.1688648071288
2019-12-27,2137.925537109375,2135.062268552762,1455.9908521118164
2019-12-30,2123.047607421875,2134.6017358254203,1457.206589111328
2019-12-31,2102.1396484375,2109.6814707554418,1455.4710935058592
2020-01-01,2107.877685546875,2107.356505440109,1455.217920288086
2020-01-02,2098.201171875,2096.763214571438,1456.2859961547852
2020-01-03,2140.0166015625,2144.891908317022,1459.07386311849
2020-01-06,2139.822265625,2145.89042206505,1459.2989749247236
2020-01-07,2145.072998046875,2137.701088479778,1456.824275675456
2020-01-08,2193.11181640625,2180.8889089397717,1458.644491678874
2020-01-09,2153.339111328125,2161.9006548420457,1458.3928772989912
2020-01-10,2152.561279296875,2154.7524918012928,1457.5285750935873
2020-01-13,2130.00048828125,2132.952199251188,1457.2353067626952
2020-01-14,2146.093994140625,2156.5400676650106,1457.404163828532
2020-01-15,2165.543701171875,2150.1867710715173,1456.8411865336102
2020-01-16,2177.115478515625,2171.1650256752646,1456.9256199239096
2020-01-17,2157.958251953125,2167.6258537606227,1457.1298919779458
2020-01-20,2110.551513671875,2142.369884074035,1458.5549191894531
2020-01-21,2111.232177734375,2112.3358857362095,1455.153973754883
2020-01-22,2146.093994140625,2134.6912064226685,1454.2018385823567
2020-01-23,2135.421630859375,2139.5934472826234,1453.358405263265
2020-01-24,2128.06298828125,2119.7711994512665,1453.8185740763347
2020-01-27,2114.27197265625,2118.4194321892905,1454.0006405232748
2020-01-28,2128.404296875,2113.144103502106,1452.9087893269857
2020-01-29,2099.9931640625,2106.16028537249,1453.4337263081868
2020-01-30,2083.66796875,2083.8927212009517,1453.460081085205
2020-01-31,2026.3577880859373,2042.801632647152,1454.4638719177246
2020-02-03,2049.213623046875,2083.914549615649,1457.3832708740235
2020-02-04,2054.33056640625,2050.332127637531,1456.4021488952637
2020-02-05,2092.147705078125,2083.666556175585,1457.2310458374022
2020-02-06,2074.407958984375,2091.7263274130446,1453.6094611206054
2020-02-07,2082.400634765625,2079.311418250594,1453.8247195536296
2020-02-10,2107.156982421875,2090.8351199478175,1455.508636383057
2020-02-11,2098.82373046875,2104.967581155875,1453.1272977294925
2020-02-12,2115.733642578125,2118.7977374229795,1453.223543355306
2020-02-13,2136.396240234375,2131.7556058435794,1453.5132284138997
2020-02-14,2128.8427734375,2136.7194749933046,1453.3864541219075
2020-02-17,2147.410400390625,2147.879046742849,1454.4288924763998
2020-02-18,2159.593505859375,2147.993707158215,1453.7259803365073
2020-02-19,2140.68505859375,2150.3738772407746,1452.8446184895834
2020-02-20,2102.137451171875,2117.5911742731532,1453.5248707173666
2020-02-24,2061.738037109375,2082.8667144764277,1454.7488492329912
2020-02-25,2101.50341796875,2101.2049950744904,1455.963217010498
2020-02-26,2069.778564453125,2077.4557950199214,1453.6846564229327
2020-02-27,2052.137451171875,2042.8155170096393,1454.4400958251954
2020-02-28,1949.45751953125,1966.9040525331166,1455.2920101928712
2020-03-02,1950.5784912109373,1962.5116827031643,1457.4838890075685
2020-03-03,1984.593994140625,1991.3957590263562,1456.5695579528808
2020-03-04,2030.4027099609373,2011.0923394039105,1457.0960307312012
2020-03-05,2071.192138671875,2076.932318031728,1458.262986246745
2020-03-06,2062.81005859375,2048.7391758073286,1457.0636677042646
2020-03-09,1922.362060546875,1938.2280227941906,1456.0259819539385
2020-03-11,1904.1846923828125,1917.295808075879,1457.2019505818682
2020-03-12,1724.994384765625,1765.881491279282,1456.9088073730468
2020-03-13,1760.520751953125,1634.0555718346982,1459.6775220743816
2020-03-16,1653.406005859375,1724.4287936607477,1457.8924696858721
2020-03-17,1615.9793701171875,1617.421933201637,1456.9789915974934
2020-03-18,1612.470458984375,1631.5078287332938,1457.3489724731446
2020-03-19,1606.53076171875,1625.1220537237273,1457.6029389444989
2020-03-20,1764.6949462890625,1781.8989960198994,1460.5096015421552
2020-03-23,1639.2728271484375,1698.098963593159,1457.8924696858721
2020-03-24,1672.11328125,1701.243933350063,1459.407165222168
2020-03-25,1718.404296875,1740.7003391706703,1459.0730729675292
2020-03-26,1758.3131103515625,1725.5896635227882,1457.8233426920574
2020-03-27,1791.2520751953125,1763.332674379873,1459.5134980265302
2020-03-30,1746.0902099609375,1835.0418313916673,1457.9826146443684
2020-03-31,1792.8228759765625,1775.9056465155893,1459.8879513549805
2020-04-01,1677.6114501953125,1715.7417691904934,1456.522556355794
2020-04-03,1624.05517578125,1645.2625078836054,1457.2152331542968
2020-04-07,1742.850341796875,1727.605518706365,1460.359211730957
2020-04-08,1674.3714599609375,1721.122406770379,1456.7579561360676
2020-04-09,1733.9654541015625,1723.8187672850147,1460.4599653116863
2020-04-13,1727.19091796875,1737.5066268729204,1458.0908073425294
2020-04-15,1703.5301513671875,1732.9250558931253,1455.0963341267902
2020-04-16,1684.7784423828125,1697.8456219251373,1456.8675979614259
2020-04-17,1773.285400390625,1769.3922711426815,1459.7887635294599
2020-04-20,1785.5086669921875,1776.2727691278608,1457.7370695495606
2020-04-21,1705.9847412109375,1731.4231190607293,1455.1461479695636
2020-04-22,1737.2542724609375,1732.1511489199333,1458.130558166504
2020-04-23,1844.0224609375,1823.4803120697545,1460.4255543009442
2020-04-24,1785.4105224609375,1794.465099158016,1456.7123530578613
2020-04-27,1803.1314697265625,1822.5675855841116,1456.8209925842284
2020-04-28,1825.1724853515625,1809.2207288579161,1456.077604522705
2020-04-29,1870.923095703125,1850.9287465743757,1458.1872268676757
2020-04-30,1977.740478515625,1951.4926868107273,1462.4826810709637
2020-05-04,1895.271240234375,1895.329380511274,1459.6123085530596
2020-05-05,1897.5294189453125,1912.3531390568542,1459.1261888122558
2020-05-06,1868.910400390625,1880.3948858772862,1457.5680667622883
2020-05-07,1857.1783447265625,1871.3877138485122,1458.0984273783367
2020-05-08,1858.8963623046875,1862.8685203064058,1457.1842444356287
2020-05-11,1900.0328369140625,1900.864437566876,1459.3891550699873
2020-05-12,1913.9739990234373,1898.025548144909,1457.1497113138837
2020-05-13,1914.1214599609373,1908.23666796937,1456.5661041361493
2020-05-14,1867.6832275390625,1872.760046614462,1455.7148393351235
2020-05-15,1858.405517578125,1846.7411844297578,1456.9562255961098
2020-05-18,1910.14501953125,1881.5554014374889,1460.9953116861982
2020-05-19,1913.1396484375,1915.4508142715881,1458.2328296000164
2020-05-20,1917.9993896484373,1909.909377311165,1456.7162945658367
2020-05-21,1954.914306640625,1944.530327211431,1458.7601151021327
2020-05-22,1983.5330810546875,1970.5351817145697,1459.2509059651697
2020-05-26,1907.592529296875,1923.6815165420066,1457.8645706176758
2020-05-27,1968.7574462890625,1946.3959366886143,1460.7481762186687
2020-05-28,1967.7755126953125,1958.0359924240356,1457.888225758871
2020-05-29,1936.40771484375,1946.0255513790453,1458.248408671061
2020-06-01,2007.9793701171875,1995.5806613377413,1462.147654215495
2020-06-02,2009.8446044921875,2020.094701124341,1458.191533915202
2020-06-03,2014.76806640625,2004.7956912705058,1457.0612851969404
2020-06-04,2059.471435546875,2051.275159096007,1460.7637215169275
2020-06-05,2016.8355712890625,2026.666353366173,1458.2453571573894
2020-06-08,2039.975341796875,2042.3755429743965,1460.0133855692548
2020-06-09,2040.2703857421875,2049.5131419347995,1456.9786514383952
2020-06-10,2076.40771484375,2078.941179823386,1459.2670942179363
2020-06-11,2035.93798828125,2042.6963655070954,1457.2679924112954
2020-06-12,2008.2198486328125,2008.010427315412,1456.8758960062662
2020-06-15,1998.7672119140625,1994.508420986253,1457.9406428629559
2020-06-16,2014.42333984375,2012.3820805155515,1456.22253708903
2020-06-17,2016.392578125,2008.567888240886,1455.897345896403
2020-06-18,2006.84130859375,2008.5907169953093,1455.6700460408529
2020-06-19,2013.24169921875,2036.7037448047759,1457.028344177246
2020-06-22,1996.8470458984373,1997.5916940673396,1459.2527409973145
2020-06-23,2004.0843505859373,1995.6426602646206,1457.946167460124
2020-06-24,2010.87841796875,2021.3128388149516,1457.7585466105145
2020-06-25,1985.1787109375,2003.4477091706008,1456.6272473246254
2020-06-26,2086.35302734375,2068.082539793145,1460.2530531819666
2020-06-29,2069.416748046875,2076.930862897262,1459.335363922119
2020-06-30,2050.2158203125,2057.525757797483,1457.06409866333
2020-07-01,2059.964111328125,2070.052821439898,1456.722073771159
2020-07-02,2124.065185546875,2110.4373880501157,1459.935470174154
2020-07-03,2165.913330078125,2154.8661319907073,1461.5836442057293
2020-07-06,2228.489013671875,2214.394329821449,1463.3624554443359
2020-07-07,2235.086181640625,2227.105931164304,1460.0824270629882
2020-07-08,2184.867919921875,2192.5843123226164,1458.7600500996905
2020-07-09,2170.54150390625,2175.505334643607,1458.2141233825685
2020-07-10,2188.265625,2179.605971199792,1459.2932191975915
2020-07-13,2185.95166015625,2191.7853252735945,1459.5443686014812
2020-07-14,2138.638427734375,2162.8080943980667,1456.7004847717285
2020-07-15,2199.638427734375,2199.1246943824417,1460.1597370402021
2020-07-16,2205.41162109375,2258.643727204874,1459.0811611531576
2020-07-17,2171.85791015625,2178.097134151905,1458.6245811564127
2020-07-20,2178.913818359375,2181.1031138687053,1459.3294284159344
2020-07-21,2195.8388671875,2183.9998335606692,1456.917214975993
2020-07-22,2162.1865234375,2167.688938393091,1456.328881134033
2020-07-23,2142.69580078125,2140.9068614194607,1456.5778349405923
2020-07-24,2129.076904296875,2112.143538438405,1456.866366434733
2020-07-27,2177.828369140625,2169.9762268244494,1461.3898527018232
2020-07-28,2279.427001953125,2261.0119039402935,1462.4880548095703
2020-07-29,2246.16943359375,2266.5277925501496,1459.4663591512042
2020-07-30,2249.573974609375,2295.722433528801,1459.8801325480144
2020-07-31,2251.44921875,2261.647743709303,1459.8069001261395
2020-08-03,2224.556640625,2226.94547989149,1460.3287221272785
2020-08-04,2220.165283203125,2210.2351003373446,1458.2715145365398
2020-08-05,2229.836669921875,2249.612883375335,1457.0202681070964
2020-08-06,2277.798828125,2266.9471050534185,1460.519723714193
2020-08-07,2265.216064453125,2274.535998233383,1458.530885019938
2020-08-10,2252.830810546875,2259.9125963512056,1458.3271898498535
2020-08-11,2249.96875,2265.6710525815065,1456.5549398905437
2020-08-12,2227.71484375,2232.6905945364824,1456.3590990295409
2020-08-13,2224.8525390625,2243.3812405558997,1457.1176584981283
2020-08-14,2212.7138671875,2216.51824293934,1456.5465739542642
2020-08-17,2223.81640625,2217.8951979700055,1457.2525924784343
2020-08-18,2239.951904296875,2239.5825400357585,1457.0672949320476
2020-08-19,2226.974609375,2233.741347675846,1457.5242262878417
2020-08-20,2223.274169921875,2228.3086748994683,1457.0810325215657
2020-08-21,2219.079833984375,2223.27019663289,1456.1762881062825
2020-08-24,2218.58642578125,2212.164353955262,1454.2010941670735
2020-08-25,2213.2080078125,2209.475838013504,1453.2356400146487
2020-08-26,2223.91552734375,2207.18103552314,1453.4202546284994
2020-08-27,2218.882080078125,2232.7290687844948,1454.7019064432782
2020-08-28,2209.161376953125,2221.5643934395,1456.3903151041668
2020-08-31,2227.6162109375,2227.00933544615,1456.7965166320803
2020-09-01,2216.859375,2224.2640274611726,1456.248757537842
2020-09-02,2235.412353515625,2227.7831901849486,1455.4716097106937
2020-09-03,2269.311279296875,2276.6329653309713,1455.7434158426922
2020-09-04,2258.751708984375,2272.0632491403135,1456.786600962321
2020-09-07,2296.499755859375,2292.5124536802914,1461.433449503581
2020-09-08,2317.371826171875,2335.0995503761337,1459.4482053629558
2020-09-09,2297.092041015625,2313.641799206171,1458.1260055541993
2020-09-10,2300.545654296875,2302.880010010826,1457.7375942586264
2020-09-11,2342.93212890625,2334.503282995792,1458.9544856770838
2020-09-14,2458.692138671875,2436.7474230347693,1463.4578912353516
2020-09-15,2458.692138671875,2469.864629844405,1459.8431936645509
2020-09-16,2470.14013671875,2457.3350523641225,1459.1599028015137
2020-09-17,2428.641845703125,2435.7619994622605,1458.7883779907227
2020-09-18,2417.73681640625,2424.720542019402,1460.228057352702
2020-09-21,2432.934814453125,2446.233587453489,1460.7657340494793
2020-09-22,2489.828125,2479.0804749961894,1462.2254559326173
2020-09-23,2435.05615234375,2414.067719964418,1458.8553860066731
2020-09-24,2301.63134765625,2317.7546182599563,1458.978215637207
2020-09-25,2390.499267578125,2374.0484261389865,1462.6312449137372
2020-09-28,2394.44677734375,2358.4568432810597,1460.6866131591796
2020-09-29,2455.7314453125,2449.530171630851,1462.5046789550781
2020-09-30,2459.580322265625,2445.826348636868,1459.1673440551758
2020-10-01,2490.3212890625,2483.8884222784213,1459.1925896708171
2020-10-05,2670.27734375,2645.0316283026723,1463.2424086507162
2020-10-06,2678.666015625,2637.3567431971655,1461.2795525105796
2020-10-07,2700.03173828125,2693.2054432606938,1461.4216603597006
2020-10-08,2788.603515625,2813.1381645647903,1463.8981170654297
2020-10-09,2776.020751953125,2760.965259480605,1461.1488662719726
2020-10-12,2792.846923828125,2787.987359960908,1462.3640657552085
2020-10-13,2789.442138671875,2782.6115024655883,1461.0626390584312
2020-10-14,2784.536376953125,2769.906294516674,1460.6849571736655
2020-10-15,2716.152099609375,2733.9262956887446,1459.8014498901366
2020-10-16,2738.6494140625,2720.2504662154615,1460.6513498942059
2020-10-19,2687.36083984375,2696.5661504281456,1460.5356314595538
2020-10-20,2714.566162109375,2714.250454806911,1459.8791542053223
2020-10-21,2651.533203125,2666.316974246821,1459.4992829386392
2020-10-22,2647.3212890625,2637.7350571435995,1461.0824862670897
2020-10-23,2662.831787109375,2657.8959716715194,1460.060183359782
2020-10-26,2664.21923828125,2664.1751449586022,1459.9484400939941
2020-10-27,2606.68701171875,2635.6786463134003,1456.6112188720704
2020-10-28,2598.80810546875,2598.065414675529,1458.439487406413
2020-10-29,2609.164794921875,2613.3877298999714,1458.380663869222
2020-10-30,2641.077880859375,2629.3256723248105,1457.9687409566243
2020-11-02,2581.364990234375,2598.2181037285272,1458.014934692383
2020-11-03,2610.106689453125,2621.819722787286,1457.052067270915
2020-11-04,2629.48193359375,2668.601653454672,1457.5298295694988
2020-11-05,2661.74169921875,2663.070287270771,1458.6166993306479
2020-11-06,2683.29736328125,2670.006895076813,1457.9680159505212
2020-11-09,2702.27685546875,2687.57874374051,1459.863665568034
2020-11-10,2625.9638671875,2644.1984663768044,1458.0403353881836
2020-11-11,2663.82275390625,2641.3995520286044,1458.9403356424968
2020-11-12,2647.222412109375,2661.1630900362106,1457.0366636759438
2020-11-13,2633.149169921875,2622.1268800067655,1456.691532450358
2020-11-17,2642.26708984375,2634.2327225206286,1455.598685465495
2020-11-18,2603.21826171875,2600.3385237920957,1454.275175221761
2020-11-19,2613.376708984375,2633.6050226926163,1455.1690902811688
2020-11-20,2636.5185546875,2624.283536999692,1456.3609736735027
2020-11-23,2699.947509765625,2674.2467499731497,1457.4325634765626
2020-11-24,2697.767333984375,2692.785665023387,1457.0419347635907
2020-11-25,2677.20263671875,2676.7775884387574,1456.959829864502
2020-11-26,2696.330322265625,2689.1668203825056,1457.612600606283
2020-11-27,2655.74560546875,2663.6208702376357,1457.2021833292645
2020-12-01,2702.474853515625,2658.6338893160123,1460.2234488932293
2020-12-02,2725.02197265625,2706.722748347152,1458.1277974039715
2020-12-03,2685.27978515625,2695.359274551862,1456.5130981547036
2020-12-04,2703.21826171875,2695.881826036305,1456.6930039571128
2020-12-07,2713.277587890625,2703.491471649227,1456.8193379313152
2020-12-08,2772.34619140625,2755.44377532745,1458.5991547648114
2020-12-09,2785.725830078125,2788.21263912782,1458.3450959269207
2020-12-10,2759.4619140625,2769.8450584678385,1457.0589576212567
2020-12-11,2758.7685546875,2755.7528203303173,1456.0842058308924
2020-12-14,2772.742431640625,2743.261253374586,1457.1484564208984
2020-12-15,2736.9150390625,2743.103148409818,1456.248087524414
2020-12-16,2789.095458984375,2766.7213708551894,1457.7504426066082
2020-12-17,2812.881103515625,2809.0579488857293,1457.2749885152182
2020-12-18,2835.477783203125,2843.3944506851576,1458.4323000081383
2020-12-21,2794.9921875,2800.1268895030266,1458.7213594055177
2020-12-22,2846.875,2830.3343412333675,1458.658782602946
2020-12-23,2882.802001953125,2870.4778225195987,1457.6552315775555
2020-12-24,2883.396728515625,2870.2328674105793,1456.6370586140954
2020-12-28,2903.267578125,2902.654531827884,1457.1636749267577
2020-12-29,2904.357666015625,2912.485364708476,1456.1885068766278
2020-12-30,2883.346923828125,2891.0403337508023,1456.0783428955078
2020-12-31,2837.212158203125,2836.9578538251963,1457.285431376139
2021-01-01,2902.1279296875,2891.899383363027,1460.0622958882655
2021-01-04,3012.3359375,2985.95816482244,1462.6318904622397
2021-01-05,3065.408203125,3061.6972233112306,1463.0463033040367
2021-01-06,3024.2783203125,3034.7965166674758,1460.4517975870767
2021-01-07,3005.7451171875,2996.1159689023625,1460.650546162923
2021-01-08,3093.05908203125,3061.4436998865244,1463.8891632080079
2021-01-11,3148.113525390625,3131.5921760788337,1463.9989357503257
2021-01-12,3146.5283203125,3147.262482910255,1460.8374693806968
2021-01-13,3130.769775390625,3108.7672860619255,1460.5649036661782
2021-01-14,3227.832275390625,3186.1610104531173,1463.8970684814453
2021-01-15,3210.6044921875,3217.6760676420977,1461.0266026814777
2021-01-18,3199.0859375,3181.9001748527535,1462.0196260579428
2021-01-19,3237.76171875,3234.482319433913,1460.4377131652832
2021-01-20,3285.5234375,3279.290931545595,1460.1233038838704
2021-01-21,3250.8193359375,3249.0472084564553,1459.4325208028156
2021-01-22,3279.86376953125,3275.1325838941752,1458.8839397684735
2021-01-25,3268.146484375,3280.4711249021775,1459.1919116210938
2021-01-27,3238.109375,3226.408289072553,1457.6002554829913
2021-01-28,3174.06298828125,3205.1971456163087,1457.8149211120606
2021-01-29,3089.462646484375,3112.9608978607707,1459.2937224324542
2021-02-01,3117.265625,3085.9796496588447,1462.231888631185
2021-02-02,3180.91455078125,3165.8532739529564,1462.3385983784995
2021-02-03,3177.53857421875,3169.7529826475866,1458.6704164632163
2021-02-04,3166.02001953125,3178.674554187646,1457.0887238566083
2021-02-05,3135.734619140625,3132.6230851944965,1456.783337504069
2021-02-08,3191.489990234375,3167.1307607357285,1459.3840360514325
2021-02-09,3154.55126953125,3186.996211615135,1455.980491241455
2021-02-10,3190.6953125,3165.755423394998,1456.0185252482097
2021-02-11,3183.446533203125,3171.789395264611,1455.7716439412436
2021-02-12,3168.353515625,3202.4187917657455,1456.2250830688477
2021-02-15,3117.76220703125,3129.9243484708372,1457.1480016174316
2021-02-16,3086.930419921875,3102.621585285823,1456.7094410705567
2021-02-17,3051.481689453125,3060.8792741290877,1456.2451311238606
2021-02-18,3035.842529296875,3041.947609529318,1457.4699801635743
2021-02-19,3050.240478515625,3027.612776204114,1457.6973237101238
2021-02-22,2937.63818359375,2969.2932875692977,1457.8677077229815
2021-02-23,2959.235107421875,2987.369850060604,1457.7590390014648
2021-02-24,2927.361083984375,2939.819419626973,1456.8267088826497
2021-02-25,2974.22900390625,2987.4361358285955,1458.6916431681318
2021-02-26,2873.939453125,2896.817156872526,1457.1152569580079
2021-03-01,2903.629150390625,2915.118708207582,1458.5583415222168
2021-03-02,2985.201416015625,2976.653100178351,1458.1340962219238
2021-03-03,3037.580078125,3007.29527412624,1457.7704878234863
2021-03-04,3028.24609375,3040.816593057329,1456.9424286905926
2021-03-05,2986.88916015625,3016.4357945669767,1457.2119132995606
2021-03-08,2985.796875,2991.084715867504,1456.2880047607423
2021-03-09,3029.4873046875,3017.4001447156434,1454.5290927124024
2021-03-10,3049.3466796875,3050.770602875478,1453.8386222432455
2021-03-12,3036.438232421875,3057.352006957879,1454.8895201212567
2021-03-15,3044.580322265625,3059.1313023714356,1455.6582465209963
2021-03-16,3088.171630859375,3094.5327886013533,1456.1581588745116
2021-03-17,3091.051025390625,3102.765433591557,1456.1619876098632
2021-03-18,3015.13916015625,3022.975043151759,1455.4595632019043
2021-03-19,3028.742431640625,3039.289686206394,1456.761252451579
2021-03-22,3107.633544921875,3071.3703921970387,1459.8020445251466
2021-03-23,3120.49267578125,3122.496393470018,1454.9708726501465
2021-03-24,3099.14404296875,3116.800542222819,1454.3916505940754
2021-03-25,3043.28955078125,3059.780911712065,1454.605402984619
2021-03-26,3045.225830078125,3052.6606759994065,1455.7673594156904
2021-03-30,3136.33056640625,3120.3879772869677,1459.3195101928711
2021-03-31,3155.49462890625,3150.5020707539884,1458.4164785257976
2021-04-01,3142.73486328125,3150.7895376619963,1458.6305717976893
2021-04-05,3216.114990234375,3199.6226498247183,1462.5615283203124
2021-04-06,3241.733642578125,3215.9244348321645,1459.3301379394532
2021-04-07,3248.386474609375,3229.5577871066334,1457.2155810546874
2021-04-08,3294.013427734375,3286.804169788703,1458.4132773844403
2021-04-09,3298.87890625,3291.7066227088726,1458.343595835368
2021-04-12,3223.711669921875,3232.969623589356,1458.9424953206378
2021-04-13,3082.2138671875,3094.9921674417624,1458.9870769246418
2021-04-15,3196.3056640625,3138.8626591487537,1462.5925333658856
2021-04-16,3172.6728515625,3182.4202554344724,1459.2959129333497
2021-04-19,3139.5576171875,3135.9394238684886,1458.7645230611163
2021-04-20,3122.428955078125,3129.6390780747847,1457.6307272847491
2021-04-22,3096.860107421875,3095.0120717373406,1456.8789224243164
2021-04-23,3087.62548828125,3083.39357876141,1454.0480832926435
2021-04-26,3078.98681640625,3106.029667440756,1455.382972005208
2021-04-27,3109.967041015625,3101.8543432452616,1453.7969790649413
2021-04-28,3102.122802734375,3100.405739588171,1452.72768947347
2021-04-29,3093.3349609375,3102.3321476096526,1452.846960103353
2021-04-30,3014.295166015625,3048.8555076933603,1453.8884407552082
2021-05-03,3015.6357421875,3011.0692696882097,1455.1669299316407
2021-05-04,3028.295654296875,3038.9801130852043,1453.4508876546222
2021-05-05,3073.922607421875,3055.059626241797,1454.4219149780274
2021-05-06,3089.561767578125,3081.157150841665,1453.6443208821613
2021-05-07,3110.86083984375,3112.970218542528,1453.944925130208
2021-05-10,3123.3720703125,3120.099380058059,1454.8466145833331
2021-05-11,3100.633544921875,3081.6399359272705,1454.2398399861652
2021-05-12,3065.879638671875,3062.1734167182085,1453.0237889607745
2021-05-14,3030.033447265625,3033.436327237559,1453.403230183919
2021-05-17,3048.1552734375,3031.6532094081717,1455.8662794494628
2021-05-18,3067.0712890625,3074.9059319852076,1454.2321310424804
2021-05-19,3060.31884765625,3072.519943495629,1453.1665103149414
2021-05-20,3038.4736328125,3049.1876626011767,1453.5188270161948
2021-05-21,3058.829345703125,3052.8697151763854,1453.5359794718427
2021-05-24,3059.822509765625,3067.729721978154,1453.8608083699544
2021-05-25,3107.218994140625,3100.7906064438944,1453.8873055623374
2021-05-26,3151.6220703125,3132.4817146918967,1454.1450566609699
2021-05-27,3173.0751953125,3191.916008054277,1455.8528725179035
2021-05-28,3136.754638671875,3148.6018534489444,1456.1933639526367
2021-05-31,3152.2705078125,3139.546397015082,1454.8053389485676
2021-06-01,3146.134033203125,3133.4068430067637,1453.3289436848956
2021-06-02,3122.63525390625,3121.899600062062,1452.8191450093589
2021-06-03,3134.40966796875,3120.156650167573,1453.400441752116
2021-06-04,3136.904296875,3136.873069108688,1453.3832009480795
2021-06-07,3176.268310546875,3160.336081446222,1456.5450142517088
2021-06-08,3193.18115234375,3202.7296459176846,1456.4088252360027
2021-06-09,3193.28125,3193.543851166164,1455.36979288737
2021-06-10,3209.795166015625,3197.495722294931,1455.5363021850585
2021-06-11,3266.671142578125,3272.5261245780102,1458.7721661376954
2021-06-14,3269.215576171875,3282.288456628809,1458.291906534831
2021-06-15,3255.64501953125,3253.253019777436,1455.6965954589843
2021-06-16,3267.219970703125,3267.6440084522046,1455.374363708496
2021-06-17,3310.525390625,3302.368018854122,1456.8334210205078
2021-06-18,3290.119873046875,3290.746731588913,1457.0322243754072
2021-06-21,3265.97265625,3261.015683282972,1457.502302001953
2021-06-22,3294.01123046875,3293.555871053008,1455.8087344970702
2021-06-23,3254.2978515625,3266.5872336003035,1454.9739154663084
2021-06-24,3366.253662109375,3340.498509892522,1459.8167419433594
2021-06-25,3373.43798828125,3363.637776547117,1458.4937494405115
2021-06-28,3329.48388671875,3339.30579116842,1457.4600897216797
2021-06-29,3333.5751953125,3336.8693447189466,1455.973727722168
2021-06-30,3338.46435546875,3354.341744152461,1455.6519595336913
2021-07-01,3334.2236328125,3330.3506681762756,1455.9687319946288
2021-07-02,3318.20849609375,3301.811333237856,1455.6264142456055
2021-07-05,3313.768310546875,3325.426270371968,1456.5113260498047
2021-07-06,3255.196044921875,3275.0326107145297,1455.3581174316405
2021-07-07,3267.818359375,3246.6040870293014,1455.8701226298017
2021-07-08,3251.404296875,3241.810505216266,1456.731958109538
2021-07-09,3201.163818359375,3230.8360305845354,1457.5810230509442
2021-07-12,3186.146728515625,3192.6866070902774,1457.0655130004882
2021-07-13,3180.60888671875,3177.1223559913415,1453.9937517293292
2021-07-14,3207.550048828125,3202.5201855052687,1453.7222807820635
2021-07-15,3202.949951171875,3204.677884546,1453.5713700358074
2021-07-16,3194.800048828125,3201.17716218747,1453.6751329142253
2021-07-19,3184.60009765625,3190.828034295209,1454.0866738484701
2021-07-20,3205.800048828125,3186.56789573767,1452.9940005086264
2021-07-22,3216.35009765625,3214.239811477556,1453.9752155659994
2021-07-23,3212.85009765625,3218.7841949144695,1453.9709697062176
2021-07-26,3197.550048828125,3209.223261979936,1454.1145717976888
2021-07-27,3182.949951171875,3178.352252476562,1452.600980489095
2021-07-28,3197.800048828125,3160.568613618582,1452.59249416097
2021-07-29,3195.800048828125,3208.128066991904,1453.1348983357748
2021-07-30,3167.449951171875,3179.3978069824852,1454.226880605062
2021-08-02,3219.39990234375,3200.5924744795384,1456.4576345825196
2021-08-03,3284.89990234375,3263.5519135074737,1456.5088766479491
2021-08-04,3273.949951171875,3272.8538792682025,1456.2693992614745
2021-08-05,3283.949951171875,3291.7773694042594,1455.6674973551435
2021-08-06,3309.800048828125,3302.143794899165,1455.980271402995
2021-08-09,3322.699951171875,3318.1911235619737,1456.248419494629
2021-08-10,3333.89990234375,3335.6482988029293,1455.5357229614258
2021-08-11,3344.199951171875,3335.1443470807903,1455.2090516764324
2021-08-12,3351.75,3352.641400589468,1455.3056729125976
2021-08-13,3463.39990234375,3441.3137059160454,1460.5790041097002
2021-08-16,3472.949951171875,3463.6977674669556,1459.3382781982423
2021-08-17,3553.050048828125,3521.1562453374627,1461.0976848347982
2021-08-18,3560.550048828125,3556.1273629223656,1459.7213995869956
2021-08-20,3559.5,3549.8974212231,1459.1263047790528
2021-08-23,3637.39990234375,3627.725466081457,1462.3156978352865
2021-08-24,3613.199951171875,3612.878650926249,1460.1563001505533
2021-08-25,3659.0,3664.494016116073,1458.171667989095
2021-08-26,3671.85009765625,3663.1717998109516,1457.874567565918
2021-08-27,3720.14990234375,3695.2346696717045,1459.3603196207682
2021-08-30,3701.300048828125,3706.9394404152363,1460.6806272379556
2021-08-31,3786.449951171875,3766.6403793245086,1460.6332813008628
2021-09-01,3714.949951171875,3743.0692361796796,1458.497945200602
2021-09-02,3836.75,3809.7454497174763,1461.7453620910644
2021-09-03,3842.050048828125,3827.221569153416,1458.8187142944337
2021-09-06,3852.0,3837.489215452613,1458.7116666666666
2021-09-07,3815.89990234375,3821.9460825231604,1457.374314066569
2021-09-08,3774.14990234375,3769.8496184262813,1458.5114325968423
2021-09-09,3791.39990234375,3778.378565259917,1459.4170303344727
2021-09-13,3845.35009765625,3824.131669801828,1458.5299312337238
2021-09-14,3885.89990234375,3860.0569634900485,1457.253089192708
2021-09-15,3954.550048828125,3937.178999652875,1459.9181401570638
2021-09-16,3903.300048828125,3937.4086195843493,1458.8172375996905
2021-09-17,3827.85009765625,3854.44314355538,1459.271058247884
2021-09-20,3823.5,3847.7325125043108,1460.621770222982
2021-09-21,3862.949951171875,3834.185720052692,1457.6344534301759
2021-09-22,3862.14990234375,3873.2648995986874,1456.7467900594074
2021-09-23,3869.25,3845.914696245843,1456.9625462849933
2021-09-24,3871.300048828125,3899.1582864124834,1457.5676719767255
2021-09-27,3836.949951171875,3831.3884758822987,1457.9998705647786
2021-09-28,3779.14990234375,3778.368623691543,1457.0834380086262
2021-09-29,3791.89990234375,3765.3145017082747,1457.7137994384766
2021-09-30,3773.199951171875,3771.8459023811283,1456.346219380697
